{"cameraMode":{"drawMode":0,"name":"Shaded","section":"Shading Mode"},"sceneLighting":true,"audioPlay":false,"sceneViewState":{"showFog":true,"showMaterialUpdate":false,"showSkybox":true,"showFlares":true,"showImageEffects":true,"showParticleSystems":true},"in2DMode":false,"pivot":{"x":2.712461471557617,"y":4.778625011444092,"z":221.17919921875},"rotation":{"x":0.25509199500083926,"y":-0.5325086116790772,"z":0.1722806692123413,"w":0.7884756922721863},"size":15.730744361877442,"orthographic":true}